variable,seqs,alpha
R1,#,0.0429348190002323
R1,%,0.660880204751004
R1,F,0.665829866586681
R1,L,0.862673199638469
R1,S,0.749460823988253
R1,Y,0.982036671932968
R1,C,0.772835463332263
R1,W,0.963386471813631
R1,P,0.770008079617292
R1,H,0.766353248349341
R1,Q,0.578679690473162
R1,R,0.670447955218365
R1,I,0.787216297682278
R1,M,0.923574655387853
R1,T,0.732252789701271
R1,N,0.843916349202165
R1,K,0.880702795191618
R1,V,0.68509558924986
R1,A,0.805544126264321
R1,D,1.06205229840622
R1,E,1.10632122667645
R1,G,0.798598051738107
R1,&,0.626496322381715
R1,*,2.44789303894963
R2,#,0.0710274908533842
R2,%,1.95176325198185
R2,F,0.395872420172838
R2,L,0.575962443268989
R2,S,0.469720854823545
R2,Y,0.510328977233949
R2,C,0.442209785023965
R2,W,0.505241511288457
R2,P,0.345644579475226
R2,H,0.392063304136614
R2,Q,0.303860092720464
R2,R,0.450088716809724
R2,I,0.646159820325013
R2,M,0.560457032379386
R2,T,0.557436745236231
R2,N,0.69138331379569
R2,K,0.804174003429849
R2,V,0.416885764903842
R2,A,0.462060742694712
R2,D,0.887957441655191
R2,E,0.896165978289852
R2,G,0.549025552568247
R2,&,0.559366668061537
R2,*,0.512721535758745
R3,#,0.0326225149412713
R3,%,0.0419710931678768
R3,F,0.0657020597287963
R3,L,0.0930652224037145
R3,S,0.0773921729629808
R3,Y,0.0463370271391647
R3,C,0.0702794589212562
R3,W,0.0698579419326824
R3,P,0.0791305373448114
R3,H,0.0516443343026183
R3,Q,0.0671860568044786
R3,R,0.105249791261006
R3,I,0.059372137276453
R3,M,0.0501561644667747
R3,T,0.0805909924081215
R3,N,0.0708887322869306
R3,K,0.0746534977908752
R3,V,0.0747999464046852
R3,A,0.0871027315814272
R3,D,0.11141139247801
R3,E,0.0844989856141597
R3,G,0.0841862806749533
R3,&,0.026897640478974
R3,*,0.0363049510881683
R4,#,0.352591066130206
R4,%,1.33561241287173
R4,F,0.764128699063393
R4,L,0.961211683985047
R4,S,0.754743787744488
R4,Y,0.822913547943075
R4,C,0.571911444573155
R4,W,0.612888811152665
R4,P,0.929937148949348
R4,H,0.869490898796864
R4,Q,0.700906248591203
R4,R,0.659933191889692
R4,I,0.875028876068552
R4,M,0.743069651341669
R4,T,0.765354518587801
R4,N,0.6815999720255
R4,K,0.678033573263159
R4,V,0.669711062759621
R4,A,0.796416189174206
R4,D,1.03847425230097
R4,E,0.851620713195205
R4,G,0.621175379824658
R4,&,0.792113634484288
R4,*,0.823621153751797
R5,#,0.0319758195086867
R5,%,1.11201066206914
R5,F,0.433873665324534
R5,L,0.763414423674179
R5,S,0.655637107109587
R5,Y,0.701980749725297
R5,C,0.499175223580143
R5,W,0.529938086768495
R5,P,0.850767115378567
R5,H,0.532359783661259
R5,Q,0.48102134904925
R5,R,0.582533767136639
R5,I,1.83093888578459
R5,M,1.03573139158228
R5,T,0.630713566193252
R5,N,0.861398001313762
R5,K,1.23863919933474
R5,V,0.891608427845357
R5,A,0.598915344403709
R5,D,2.54508126656067
R5,E,2.24295861684819
R5,G,0.98489431677714
R5,&,0.586005100486532
R5,*,0.397686459643754
R6,#,0.0349413641708211
R6,%,0.383448478752066
R6,F,0.230155889263938
R6,L,0.234586423716855
R6,S,0.228941001159056
R6,Y,0.218037930810266
R6,C,0.216122796193273
R6,W,0.249387345771989
R6,P,0.353199667827622
R6,H,0.226834354978885
R6,Q,0.215285103773375
R6,R,0.239988578450134
R6,I,0.304899408807183
R6,M,0.259220894887444
R6,T,0.247908216242412
R6,N,0.349471737898915
R6,K,0.278596007482741
R6,V,0.235948636288999
R6,A,0.283667373753203
R6,D,0.789544726152442
R6,E,0.409048275389145
R6,G,0.273443167663564
R6,&,0.154647917569633
R6,*,0.262527580774063
R7,#,0.0781347696067706
R7,%,3.22440684409102
R7,F,0.382711545175942
R7,L,0.480608413923452
R7,S,0.527042058923647
R7,Y,0.556851053355974
R7,C,0.475316943804226
R7,W,0.73337147535407
R7,P,0.385283691812827
R7,H,0.749000181824607
R7,Q,0.543013644984906
R7,R,0.558500137800721
R7,I,0.612894167187192
R7,M,0.502765773130108
R7,T,0.600086002295288
R7,N,0.682380391452931
R7,K,0.743321889976149
R7,V,0.39360561302579
R7,A,0.516093708354239
R7,D,0.889866465720276
R7,E,0.822039538099464
R7,G,0.526831724446203
R7,&,0.281618895826576
R7,*,1.09698690555929
R8,#,0.0159571234091896
R8,%,0.192866641166835
R8,F,0.103536640913856
R8,L,0.204013432620935
R8,S,0.152965062108904
R8,Y,0.158417993417401
R8,C,0.0968834173833538
R8,W,0.163799132706368
R8,P,0.089329479434879
R8,H,0.103159130515574
R8,Q,0.114443541705257
R8,R,0.135754862123771
R8,I,0.124541681399941
R8,M,0.115143947129557
R8,T,0.122968933630897
R8,N,0.172927469768273
R8,K,0.146691146104798
R8,V,0.0883678806828144
R8,A,0.105287621110235
R8,D,0.236096903436729
R8,E,0.180865275011415
R8,G,0.118600179791938
R8,&,0.0834894555141439
R8,*,0.104694643192896
R9,#,0.0890731794281099
R9,%,0.807522544975343
R9,F,0.242928310011688
R9,L,0.37275462319139
R9,S,0.370839676900171
R9,Y,0.434018195979773
R9,C,0.274676206270178
R9,W,0.372748386861327
R9,P,0.332158421685746
R9,H,0.318517934559002
R9,Q,0.259686634885168
R9,R,0.307388829970404
R9,I,0.383916767941228
R9,M,0.252242490744357
R9,T,0.338240861395213
R9,N,0.381451131104317
R9,K,0.306779714531543
R9,V,0.309538653871643
R9,A,0.371029901509872
R9,D,0.473621387138422
R9,E,0.382475581098208
R9,G,0.295177518001907
R9,&,0.279703969516077
R9,*,0.330799327005395
R10,#,0.0517588329687444
R10,%,0.759504528834687
R10,F,0.0760236563054676
R10,L,0.0733383842138729
R10,S,0.143320238328682
R10,Y,0.0937782348947576
R10,C,0.0640754393127341
R10,W,0.0885376931477811
R10,P,0.0784366856768461
R10,H,0.0628029118802787
R10,Q,0.0340040478737191
R10,R,0.103235045262452
R10,I,0.290328953142689
R10,M,0.151794021894707
R10,T,0.242716508210953
R10,N,0.277415850028068
R10,K,0.292928606176195
R10,V,0.117682617753965
R10,A,0.144563316139485
R10,D,0.461239068752696
R10,E,0.284406301858427
R10,G,0.117879437710957
R10,&,0.131685941878077
R10,*,0.615700932861607
